Model,Best_Params,CV_AUC_mean,CV_AUC_std,Test_Accuracy,Test_Precision,Test_Recall,Test_F1,Test_AUC_ROC
Random Forest,"{'class_weight': 'balanced', 'max_depth': 10, 'min_samples_split': 20, 'n_estimators': 50}",,,0.7823529411764706,0.8727272727272727,0.8067226890756303,0.8384279475982532,0.850387213709013
Logistic Regression,"{'C': 0.1, 'class_weight': 'balanced', 'solver': 'lbfgs'}",,,0.7176470588235294,0.898876404494382,0.6722689075630253,0.7692307692307693,0.8447849728126545
Decision Tree,"{'class_weight': 'balanced', 'max_depth': 5, 'min_samples_split': 20}",,,0.6764705882352942,0.8555555555555555,0.6470588235294118,0.7368421052631579,0.7179930795847751
