Model,Train_Accuracy,Test_Accuracy,Test_Precision,Test_Recall,Test_F1,Test_ROC_AUC
Random Forest,0.9038461538461539,0.7941176470588235,0.8818181818181818,0.8151260504201681,0.8471615720524017,0.8536826495304004
XGBoost,0.9733727810650887,0.7764705882352941,0.8584070796460177,0.8151260504201681,0.8362068965517241,0.8424781677376834
Gradient Boosting,1.0,0.7470588235294118,0.796875,0.8571428571428571,0.8259109311740891,0.8161146811665844
Logistic Regression,0.7115384615384616,0.7294117647058823,0.9195402298850575,0.6722689075630253,0.7766990291262136,0.8423133959466139
